#Sample ID,ForwardLinker,ReverseLinker,ForwardPrimer,ReversePrimer,type,Rinsate,Media,Combined,xSalmonella,xCampylobacter,feature_id
#q2:types,categorical,categorical,categorical,categorical,categorical,categorical,categorical,categorical,categorical,categorical,
JW1,CTCGACTT,CTACTATA,GTGCCAGCMGCCGCGGTAA,GGACTACHVGGGTWTCTAAT,P-nBPW1,nBPW,APCPetrifilms,nBPW-APCPetrifilms,,,1
JW10,TGCTCGTA,CTACTATA,GTGCCAGCMGCCGCGGTAA,GGACTACHVGGGTWTCTAAT,P-nBPW10,nBPW,APCPetrifilms,nBPW-APCPetrifilms,,,10
JW11,AACGCTGA,CTACTATA,GTGCCAGCMGCCGCGGTAA,GGACTACHVGGGTWTCTAAT,P-nBPW11,nBPW,APCPetrifilms,nBPW-APCPetrifilms,,,11
JW12,CGTAGCGA,CTACTATA,GTGCCAGCMGCCGCGGTAA,GGACTACHVGGGTWTCTAAT,P-nBPW12,nBPW,APCPetrifilms,nBPW-APCPetrifilms,,,12
JW13,CTCGACTT,CGTTACTA,GTGCCAGCMGCCGCGGTAA,GGACTACHVGGGTWTCTAAT,P-nBPW13,nBPW,APCPetrifilms,nBPW-APCPetrifilms,,,13
JW14,CGAAGTAT,CGTTACTA,GTGCCAGCMGCCGCGGTAA,GGACTACHVGGGTWTCTAAT,P-nBPW14,nBPW,APCPetrifilms,nBPW-APCPetrifilms,,,14
JW15,TAGCAGCT,CGTTACTA,GTGCCAGCMGCCGCGGTAA,GGACTACHVGGGTWTCTAAT,P-nBPW15,nBPW,APCPetrifilms,nBPW-APCPetrifilms,,,15
JW16,TCTCTATG,CGTTACTA,GTGCCAGCMGCCGCGGTAA,GGACTACHVGGGTWTCTAAT,P-nBPW16,nBPW,APCPetrifilms,nBPW-APCPetrifilms,,,16
JW17,GATCTACG,CGTTACTA,GTGCCAGCMGCCGCGGTAA,GGACTACHVGGGTWTCTAAT,P-nBPW17,nBPW,APCPetrifilms,nBPW-APCPetrifilms,,,17
JW18,GTAACGAG,CGTTACTA,GTGCCAGCMGCCGCGGTAA,GGACTACHVGGGTWTCTAAT,P-nBPW18,nBPW,APCPetrifilms,nBPW-APCPetrifilms,,,18
JW19,ACGTGCGC,CGTTACTA,GTGCCAGCMGCCGCGGTAA,GGACTACHVGGGTWTCTAAT,P-nBPW19,nBPW,APCPetrifilms,nBPW-APCPetrifilms,,,19
JW2,CGAAGTAT,CTACTATA,GTGCCAGCMGCCGCGGTAA,GGACTACHVGGGTWTCTAAT,P-nBPW2,nBPW,APCPetrifilms,nBPW-APCPetrifilms,,,2
JW20,ATAGTACC,CGTTACTA,GTGCCAGCMGCCGCGGTAA,GGACTACHVGGGTWTCTAAT,P-nBPW20,nBPW,APCPetrifilms,nBPW-APCPetrifilms,,,20
JW21,GCGTATAC,CGTTACTA,GTGCCAGCMGCCGCGGTAA,GGACTACHVGGGTWTCTAAT,P-nBPW21,nBPW,APCPetrifilms,nBPW-APCPetrifilms,,,21
JW22,TGCTCGTA,CGTTACTA,GTGCCAGCMGCCGCGGTAA,GGACTACHVGGGTWTCTAAT,P-nBPW22,nBPW,APCPetrifilms,nBPW-APCPetrifilms,,,22
JW23,AACGCTGA,CGTTACTA,GTGCCAGCMGCCGCGGTAA,GGACTACHVGGGTWTCTAAT,P-nBPW23,nBPW,APCPetrifilms,nBPW-APCPetrifilms,,,23
JW24,CGTAGCGA,CGTTACTA,GTGCCAGCMGCCGCGGTAA,GGACTACHVGGGTWTCTAAT,P-nBPW24,nBPW,APCPetrifilms,nBPW-APCPetrifilms,,,24
JW25,CTCGACTT,AGAGTCAC,GTGCCAGCMGCCGCGGTAA,GGACTACHVGGGTWTCTAAT,P-nBPW25,nBPW,APCPetrifilms,nBPW-APCPetrifilms,,,25
JW26,CGAAGTAT,AGAGTCAC,GTGCCAGCMGCCGCGGTAA,GGACTACHVGGGTWTCTAAT,P-nBPW26,nBPW,APCPetrifilms,nBPW-APCPetrifilms,,,26
JW27,TAGCAGCT,AGAGTCAC,GTGCCAGCMGCCGCGGTAA,GGACTACHVGGGTWTCTAAT,P-nBPW27,nBPW,APCPetrifilms,nBPW-APCPetrifilms,,,27
JW28,TCTCTATG,AGAGTCAC,GTGCCAGCMGCCGCGGTAA,GGACTACHVGGGTWTCTAAT,P-nBPW28,nBPW,APCPetrifilms,nBPW-APCPetrifilms,,,28
JW29,GATCTACG,AGAGTCAC,GTGCCAGCMGCCGCGGTAA,GGACTACHVGGGTWTCTAAT,P-nBPW29,nBPW,APCPetrifilms,nBPW-APCPetrifilms,,,29
JW3,TAGCAGCT,CTACTATA,GTGCCAGCMGCCGCGGTAA,GGACTACHVGGGTWTCTAAT,P-nBPW3,nBPW,APCPetrifilms,nBPW-APCPetrifilms,,,3
JW30,GTAACGAG,AGAGTCAC,GTGCCAGCMGCCGCGGTAA,GGACTACHVGGGTWTCTAAT,P-nBPW30,nBPW,APCPetrifilms,nBPW-APCPetrifilms,,,30
JW31,ACGTGCGC,AGAGTCAC,GTGCCAGCMGCCGCGGTAA,GGACTACHVGGGTWTCTAAT,P-nBPW31,nBPW,APCPetrifilms,nBPW-APCPetrifilms,,,31
JW32,ATAGTACC,AGAGTCAC,GTGCCAGCMGCCGCGGTAA,GGACTACHVGGGTWTCTAAT,P-nBPW32,nBPW,APCPetrifilms,nBPW-APCPetrifilms,,,32
JW33,GCGTATAC,AGAGTCAC,GTGCCAGCMGCCGCGGTAA,GGACTACHVGGGTWTCTAAT,P-nBPW33,nBPW,APCPetrifilms,nBPW-APCPetrifilms,,,33
JW34,TGCTCGTA,AGAGTCAC,GTGCCAGCMGCCGCGGTAA,GGACTACHVGGGTWTCTAAT,P-nBPW34,nBPW,APCPetrifilms,nBPW-APCPetrifilms,,,34
JW35,AACGCTGA,AGAGTCAC,GTGCCAGCMGCCGCGGTAA,GGACTACHVGGGTWTCTAAT,P-nBPW35,nBPW,APCPetrifilms,nBPW-APCPetrifilms,,,35
JW36,CGTAGCGA,AGAGTCAC,GTGCCAGCMGCCGCGGTAA,GGACTACHVGGGTWTCTAAT,P-nBPW36,nBPW,APCPetrifilms,nBPW-APCPetrifilms,,,36
JW37,CTCGACTT,TACGAGAC,GTGCCAGCMGCCGCGGTAA,GGACTACHVGGGTWTCTAAT,P-nBPW37,nBPW,APCPetrifilms,nBPW-APCPetrifilms,,,37
JW38,CGAAGTAT,TACGAGAC,GTGCCAGCMGCCGCGGTAA,GGACTACHVGGGTWTCTAAT,P-nBPW38,nBPW,APCPetrifilms,nBPW-APCPetrifilms,,,38
JW39,TAGCAGCT,TACGAGAC,GTGCCAGCMGCCGCGGTAA,GGACTACHVGGGTWTCTAAT,P-nBPW39,nBPW,APCPetrifilms,nBPW-APCPetrifilms,,,39
JW4,TCTCTATG,CTACTATA,GTGCCAGCMGCCGCGGTAA,GGACTACHVGGGTWTCTAAT,P-nBPW4,nBPW,APCPetrifilms,nBPW-APCPetrifilms,,,4
JW40,TCTCTATG,TACGAGAC,GTGCCAGCMGCCGCGGTAA,GGACTACHVGGGTWTCTAAT,P-nBPW40,nBPW,APCPetrifilms,nBPW-APCPetrifilms,,,40
JW41,GATCTACG,TACGAGAC,GTGCCAGCMGCCGCGGTAA,GGACTACHVGGGTWTCTAAT,P-BPW1,BPW,APCPetrifilms,BPW-APCPetrifilms,,,41
JW42,GTAACGAG,TACGAGAC,GTGCCAGCMGCCGCGGTAA,GGACTACHVGGGTWTCTAAT,P-BPW2,BPW,APCPetrifilms,BPW-APCPetrifilms,,,42
JW43,ACGTGCGC,TACGAGAC,GTGCCAGCMGCCGCGGTAA,GGACTACHVGGGTWTCTAAT,P-BPW3,BPW,APCPetrifilms,BPW-APCPetrifilms,,,43
JW44,ATAGTACC,TACGAGAC,GTGCCAGCMGCCGCGGTAA,GGACTACHVGGGTWTCTAAT,P-BPW4,BPW,APCPetrifilms,BPW-APCPetrifilms,,,44
JW45,GCGTATAC,TACGAGAC,GTGCCAGCMGCCGCGGTAA,GGACTACHVGGGTWTCTAAT,P-BPW5,BPW,APCPetrifilms,BPW-APCPetrifilms,,,45
JW46,TGCTCGTA,TACGAGAC,GTGCCAGCMGCCGCGGTAA,GGACTACHVGGGTWTCTAAT,P-BPW6,BPW,APCPetrifilms,BPW-APCPetrifilms,,,46
JW47,AACGCTGA,TACGAGAC,GTGCCAGCMGCCGCGGTAA,GGACTACHVGGGTWTCTAAT,P-BPW7,BPW,APCPetrifilms,BPW-APCPetrifilms,,,47
JW48,CGTAGCGA,TACGAGAC,GTGCCAGCMGCCGCGGTAA,GGACTACHVGGGTWTCTAAT,P-BPW8,BPW,APCPetrifilms,BPW-APCPetrifilms,,,48
JW49,CTCGACTT,ACGTCTCG,GTGCCAGCMGCCGCGGTAA,GGACTACHVGGGTWTCTAAT,P-BPW9,BPW,APCPetrifilms,BPW-APCPetrifilms,,,49
JW5,GATCTACG,CTACTATA,GTGCCAGCMGCCGCGGTAA,GGACTACHVGGGTWTCTAAT,P-nBPW5,nBPW,APCPetrifilms,nBPW-APCPetrifilms,,,5
JW50,CGAAGTAT,ACGTCTCG,GTGCCAGCMGCCGCGGTAA,GGACTACHVGGGTWTCTAAT,P-BPW10,BPW,APCPetrifilms,BPW-APCPetrifilms,,,50
JW51,TAGCAGCT,ACGTCTCG,GTGCCAGCMGCCGCGGTAA,GGACTACHVGGGTWTCTAAT,P-BPW11,BPW,APCPetrifilms,BPW-APCPetrifilms,,,51
JW52,TCTCTATG,ACGTCTCG,GTGCCAGCMGCCGCGGTAA,GGACTACHVGGGTWTCTAAT,P-BPW12,BPW,APCPetrifilms,BPW-APCPetrifilms,,,52
JW53,GATCTACG,ACGTCTCG,GTGCCAGCMGCCGCGGTAA,GGACTACHVGGGTWTCTAAT,P-BPW13,BPW,APCPetrifilms,BPW-APCPetrifilms,,,53
JW54,GTAACGAG,ACGTCTCG,GTGCCAGCMGCCGCGGTAA,GGACTACHVGGGTWTCTAAT,P-BPW14,BPW,APCPetrifilms,BPW-APCPetrifilms,,,54
JW55,ACGTGCGC,ACGTCTCG,GTGCCAGCMGCCGCGGTAA,GGACTACHVGGGTWTCTAAT,P-BPW15,BPW,APCPetrifilms,BPW-APCPetrifilms,,,55
JW56,ATAGTACC,ACGTCTCG,GTGCCAGCMGCCGCGGTAA,GGACTACHVGGGTWTCTAAT,P-BPW16,BPW,APCPetrifilms,BPW-APCPetrifilms,,,56
JW57,GCGTATAC,ACGTCTCG,GTGCCAGCMGCCGCGGTAA,GGACTACHVGGGTWTCTAAT,P-BPW17,BPW,APCPetrifilms,BPW-APCPetrifilms,,,57
JW58,TGCTCGTA,ACGTCTCG,GTGCCAGCMGCCGCGGTAA,GGACTACHVGGGTWTCTAAT,P-BPW18,BPW,APCPetrifilms,BPW-APCPetrifilms,,,58
JW59,AACGCTGA,ACGTCTCG,GTGCCAGCMGCCGCGGTAA,GGACTACHVGGGTWTCTAAT,P-BPW19,BPW,APCPetrifilms,BPW-APCPetrifilms,,,59
JW6,GTAACGAG,CTACTATA,GTGCCAGCMGCCGCGGTAA,GGACTACHVGGGTWTCTAAT,P-nBPW6,nBPW,APCPetrifilms,nBPW-APCPetrifilms,,,6
JW60,CGTAGCGA,ACGTCTCG,GTGCCAGCMGCCGCGGTAA,GGACTACHVGGGTWTCTAAT,P-BPW20,BPW,APCPetrifilms,BPW-APCPetrifilms,,,60
JW61,CTCGACTT,TCGACGAG,GTGCCAGCMGCCGCGGTAA,GGACTACHVGGGTWTCTAAT,P-BPW21,BPW,APCPetrifilms,BPW-APCPetrifilms,,,61
JW62,CGAAGTAT,TCGACGAG,GTGCCAGCMGCCGCGGTAA,GGACTACHVGGGTWTCTAAT,P-BPW22,BPW,APCPetrifilms,BPW-APCPetrifilms,,,62
JW63,TAGCAGCT,TCGACGAG,GTGCCAGCMGCCGCGGTAA,GGACTACHVGGGTWTCTAAT,P-BPW23,BPW,APCPetrifilms,BPW-APCPetrifilms,,,63
JW64,TCTCTATG,TCGACGAG,GTGCCAGCMGCCGCGGTAA,GGACTACHVGGGTWTCTAAT,P-BPW24,BPW,APCPetrifilms,BPW-APCPetrifilms,,,64
JW65,GATCTACG,TCGACGAG,GTGCCAGCMGCCGCGGTAA,GGACTACHVGGGTWTCTAAT,P-BPW25,BPW,APCPetrifilms,BPW-APCPetrifilms,,,65
JW66,GTAACGAG,TCGACGAG,GTGCCAGCMGCCGCGGTAA,GGACTACHVGGGTWTCTAAT,P-BPW26,BPW,APCPetrifilms,BPW-APCPetrifilms,,,66
JW67,ACGTGCGC,TCGACGAG,GTGCCAGCMGCCGCGGTAA,GGACTACHVGGGTWTCTAAT,P-BPW27,BPW,APCPetrifilms,BPW-APCPetrifilms,,,67
JW68,ATAGTACC,TCGACGAG,GTGCCAGCMGCCGCGGTAA,GGACTACHVGGGTWTCTAAT,P-BPW28,BPW,APCPetrifilms,BPW-APCPetrifilms,,,68
JW69,GCGTATAC,TCGACGAG,GTGCCAGCMGCCGCGGTAA,GGACTACHVGGGTWTCTAAT,P-BPW29,BPW,APCPetrifilms,BPW-APCPetrifilms,,,69
JW7,ACGTGCGC,CTACTATA,GTGCCAGCMGCCGCGGTAA,GGACTACHVGGGTWTCTAAT,P-nBPW7,nBPW,APCPetrifilms,nBPW-APCPetrifilms,,,7
JW70,TGCTCGTA,TCGACGAG,GTGCCAGCMGCCGCGGTAA,GGACTACHVGGGTWTCTAAT,P-BPW30,BPW,APCPetrifilms,BPW-APCPetrifilms,,,70
JW71,AACGCTGA,TCGACGAG,GTGCCAGCMGCCGCGGTAA,GGACTACHVGGGTWTCTAAT,P-BPW31,BPW,APCPetrifilms,BPW-APCPetrifilms,,,71
JW72,CGTAGCGA,TCGACGAG,GTGCCAGCMGCCGCGGTAA,GGACTACHVGGGTWTCTAAT,P-BPW32,BPW,APCPetrifilms,BPW-APCPetrifilms,,,72
JW73,CTCGACTT,GATCGTGT,GTGCCAGCMGCCGCGGTAA,GGACTACHVGGGTWTCTAAT,P-BPW33,BPW,APCPetrifilms,BPW-APCPetrifilms,,,73
JW74,CGAAGTAT,GATCGTGT,GTGCCAGCMGCCGCGGTAA,GGACTACHVGGGTWTCTAAT,P-BPW34,BPW,APCPetrifilms,BPW-APCPetrifilms,,,74
JW75,TAGCAGCT,GATCGTGT,GTGCCAGCMGCCGCGGTAA,GGACTACHVGGGTWTCTAAT,P-BPW35,BPW,APCPetrifilms,BPW-APCPetrifilms,,,75
JW76,TCTCTATG,GATCGTGT,GTGCCAGCMGCCGCGGTAA,GGACTACHVGGGTWTCTAAT,P-BPW36,BPW,APCPetrifilms,BPW-APCPetrifilms,,,76
JW77,GATCTACG,GATCGTGT,GTGCCAGCMGCCGCGGTAA,GGACTACHVGGGTWTCTAAT,P-BPW37,BPW,APCPetrifilms,BPW-APCPetrifilms,,,77
JW78,GTAACGAG,GATCGTGT,GTGCCAGCMGCCGCGGTAA,GGACTACHVGGGTWTCTAAT,P-BPW38,BPW,APCPetrifilms,BPW-APCPetrifilms,,,78
JW79,ACGTGCGC,GATCGTGT,GTGCCAGCMGCCGCGGTAA,GGACTACHVGGGTWTCTAAT,P-BPW39,BPW,APCPetrifilms,BPW-APCPetrifilms,,,79
JW8,ATAGTACC,CTACTATA,GTGCCAGCMGCCGCGGTAA,GGACTACHVGGGTWTCTAAT,P-nBPW8,nBPW,APCPetrifilms,nBPW-APCPetrifilms,,,8
JW80,ATAGTACC,GATCGTGT,GTGCCAGCMGCCGCGGTAA,GGACTACHVGGGTWTCTAAT,P-BPW40,BPW,APCPetrifilms,BPW-APCPetrifilms,,,80
JW9,GCGTATAC,CTACTATA,GTGCCAGCMGCCGCGGTAA,GGACTACHVGGGTWTCTAAT,P-nBPW9,nBPW,APCPetrifilms,nBPW-APCPetrifilms,,,9
JW161,GTAACGAG,CGTGAGTG,GTGCCAGCMGCCGCGGTAA,GGACTACHVGGGTWTCTAAT,C-nBPW29,nBPW,CampylobacterEnrichment,nBPW-CampylobacterEnrichment,,Positive,162
JW162,ACGTGCGC,CGTGAGTG,GTGCCAGCMGCCGCGGTAA,GGACTACHVGGGTWTCTAAT,C-nBPW30,nBPW,CampylobacterEnrichment,nBPW-CampylobacterEnrichment,,Positive,163
JW163,ATAGTACC,CGTGAGTG,GTGCCAGCMGCCGCGGTAA,GGACTACHVGGGTWTCTAAT,C-nBPW31,nBPW,CampylobacterEnrichment,nBPW-CampylobacterEnrichment,,Positive,164
JW164,GCGTATAC,CGTGAGTG,GTGCCAGCMGCCGCGGTAA,GGACTACHVGGGTWTCTAAT,C-nBPW32,nBPW,CampylobacterEnrichment,nBPW-CampylobacterEnrichment,,Positive,165
JW166,AACGCTGA,CGTGAGTG,GTGCCAGCMGCCGCGGTAA,GGACTACHVGGGTWTCTAAT,C-nBPW33,nBPW,CampylobacterEnrichment,nBPW-CampylobacterEnrichment,,Positive,167
JW167,CGTAGCGA,CGTGAGTG,GTGCCAGCMGCCGCGGTAA,GGACTACHVGGGTWTCTAAT,C-nBPW35,nBPW,CampylobacterEnrichment,nBPW-CampylobacterEnrichment,,Positive,168
JW168,CTCGACTT,GGATATCT,GTGCCAGCMGCCGCGGTAA,GGACTACHVGGGTWTCTAAT,C-nBPW36,nBPW,CampylobacterEnrichment,nBPW-CampylobacterEnrichment,,Positive,169
JW169,CGAAGTAT,GGATATCT,GTGCCAGCMGCCGCGGTAA,GGACTACHVGGGTWTCTAAT,C-nBPW37,nBPW,CampylobacterEnrichment,nBPW-CampylobacterEnrichment,,Positive,170
JW170,TAGCAGCT,GGATATCT,GTGCCAGCMGCCGCGGTAA,GGACTACHVGGGTWTCTAAT,C-nBPW38,nBPW,CampylobacterEnrichment,nBPW-CampylobacterEnrichment,,Positive,171
JW171,TCTCTATG,GGATATCT,GTGCCAGCMGCCGCGGTAA,GGACTACHVGGGTWTCTAAT,C-nBPW39,nBPW,CampylobacterEnrichment,nBPW-CampylobacterEnrichment,,Positive,172
JW172,GATCTACG,GGATATCT,GTGCCAGCMGCCGCGGTAA,GGACTACHVGGGTWTCTAAT,C-nBPW40,nBPW,CampylobacterEnrichment,nBPW-CampylobacterEnrichment,,Positive,173
JW173,GTAACGAG,GGATATCT,GTGCCAGCMGCCGCGGTAA,GGACTACHVGGGTWTCTAAT,C-BPW1,BPW,CampylobacterEnrichment,BPW-CampylobacterEnrichment,,Positive,174
JW174,ACGTGCGC,GGATATCT,GTGCCAGCMGCCGCGGTAA,GGACTACHVGGGTWTCTAAT,C-BPW2,BPW,CampylobacterEnrichment,BPW-CampylobacterEnrichment,,Positive,175
JW175,ATAGTACC,GGATATCT,GTGCCAGCMGCCGCGGTAA,GGACTACHVGGGTWTCTAAT,C-BPW4,BPW,CampylobacterEnrichment,BPW-CampylobacterEnrichment,,Positive,176
JW176,GCGTATAC,GGATATCT,GTGCCAGCMGCCGCGGTAA,GGACTACHVGGGTWTCTAAT,C-BPW5,BPW,CampylobacterEnrichment,BPW-CampylobacterEnrichment,,Negative,177
JW178,AACGCTGA,GGATATCT,GTGCCAGCMGCCGCGGTAA,GGACTACHVGGGTWTCTAAT,C-BPW6,BPW,CampylobacterEnrichment,BPW-CampylobacterEnrichment,,Negative,179
JW179,CGTAGCGA,GGATATCT,GTGCCAGCMGCCGCGGTAA,GGACTACHVGGGTWTCTAAT,C-BPW8,BPW,CampylobacterEnrichment,BPW-CampylobacterEnrichment,,Negative,180
JW180,CTCGACTT,GACACCGT,GTGCCAGCMGCCGCGGTAA,GGACTACHVGGGTWTCTAAT,C-BPW10,BPW,CampylobacterEnrichment,BPW-CampylobacterEnrichment,,Negative,181
JW181,CGAAGTAT,GACACCGT,GTGCCAGCMGCCGCGGTAA,GGACTACHVGGGTWTCTAAT,C-BPW11,BPW,CampylobacterEnrichment,BPW-CampylobacterEnrichment,,Positive,182
JW182,TAGCAGCT,GACACCGT,GTGCCAGCMGCCGCGGTAA,GGACTACHVGGGTWTCTAAT,C-BPW12,BPW,CampylobacterEnrichment,BPW-CampylobacterEnrichment,,Negative,183
JW183,TCTCTATG,GACACCGT,GTGCCAGCMGCCGCGGTAA,GGACTACHVGGGTWTCTAAT,C-BPW13,BPW,CampylobacterEnrichment,BPW-CampylobacterEnrichment,,Positive,184
JW184,GATCTACG,GACACCGT,GTGCCAGCMGCCGCGGTAA,GGACTACHVGGGTWTCTAAT,C-BPW14,BPW,CampylobacterEnrichment,BPW-CampylobacterEnrichment,,Negative,185
JW185,GTAACGAG,GACACCGT,GTGCCAGCMGCCGCGGTAA,GGACTACHVGGGTWTCTAAT,C-BPW15,BPW,CampylobacterEnrichment,BPW-CampylobacterEnrichment,,Positive,186
JW186,ACGTGCGC,GACACCGT,GTGCCAGCMGCCGCGGTAA,GGACTACHVGGGTWTCTAAT,C-BPW16,BPW,CampylobacterEnrichment,BPW-CampylobacterEnrichment,,Positive,187
JW187,ATAGTACC,GACACCGT,GTGCCAGCMGCCGCGGTAA,GGACTACHVGGGTWTCTAAT,C-BPW17,BPW,CampylobacterEnrichment,BPW-CampylobacterEnrichment,,Positive,188
JW188,GCGTATAC,GACACCGT,GTGCCAGCMGCCGCGGTAA,GGACTACHVGGGTWTCTAAT,C-BPW18,BPW,CampylobacterEnrichment,BPW-CampylobacterEnrichment,,Positive,189
JW190,AACGCTGA,GACACCGT,GTGCCAGCMGCCGCGGTAA,GGACTACHVGGGTWTCTAAT,C-BPW19,BPW,CampylobacterEnrichment,BPW-CampylobacterEnrichment,,Positive,191
JW191,CGTAGCGA,GACACCGT,GTGCCAGCMGCCGCGGTAA,GGACTACHVGGGTWTCTAAT,C-BPW21,BPW,CampylobacterEnrichment,BPW-CampylobacterEnrichment,,Positive,192
JW192,CGAGAGTT,CTACTATA,GTGCCAGCMGCCGCGGTAA,GGACTACHVGGGTWTCTAAT,C-BPW22,BPW,CampylobacterEnrichment,BPW-CampylobacterEnrichment,,Positive,193
JW193,GACATAGT,CTACTATA,GTGCCAGCMGCCGCGGTAA,GGACTACHVGGGTWTCTAAT,C-BPW23,BPW,CampylobacterEnrichment,BPW-CampylobacterEnrichment,,Positive,194
JW194,ACGCTACT,CTACTATA,GTGCCAGCMGCCGCGGTAA,GGACTACHVGGGTWTCTAAT,C-BPW24,BPW,CampylobacterEnrichment,BPW-CampylobacterEnrichment,,Positive,195
JW195,ACTCACTG,CTACTATA,GTGCCAGCMGCCGCGGTAA,GGACTACHVGGGTWTCTAAT,C-BPW25,BPW,CampylobacterEnrichment,BPW-CampylobacterEnrichment,,Positive,196
JW196,TGAGTACG,CTACTATA,GTGCCAGCMGCCGCGGTAA,GGACTACHVGGGTWTCTAAT,C-BPW26,BPW,CampylobacterEnrichment,BPW-CampylobacterEnrichment,,Positive,197
JW197,CTGCGTAG,CTACTATA,GTGCCAGCMGCCGCGGTAA,GGACTACHVGGGTWTCTAAT,C-BPW30,BPW,CampylobacterEnrichment,BPW-CampylobacterEnrichment,,Positive,198
JW198,TAGTCTCC,CTACTATA,GTGCCAGCMGCCGCGGTAA,GGACTACHVGGGTWTCTAAT,C-BPW31,BPW,CampylobacterEnrichment,BPW-CampylobacterEnrichment,,Positive,199
JW199,CGAGCGAC,CTACTATA,GTGCCAGCMGCCGCGGTAA,GGACTACHVGGGTWTCTAAT,C-BPW32,BPW,CampylobacterEnrichment,BPW-CampylobacterEnrichment,,Positive,200
JW200,ACTACGAC,CTACTATA,GTGCCAGCMGCCGCGGTAA,GGACTACHVGGGTWTCTAAT,C-BPW34,BPW,CampylobacterEnrichment,BPW-CampylobacterEnrichment,,Positive,201
JW201,GTCTGCTA,CTACTATA,GTGCCAGCMGCCGCGGTAA,GGACTACHVGGGTWTCTAAT,C-BPW35,BPW,CampylobacterEnrichment,BPW-CampylobacterEnrichment,,Positive,202
JW202,GTCTATGA,CTACTATA,GTGCCAGCMGCCGCGGTAA,GGACTACHVGGGTWTCTAAT,C-BPW36,BPW,CampylobacterEnrichment,BPW-CampylobacterEnrichment,,Positive,203
JW203,TATAGCGA,CTACTATA,GTGCCAGCMGCCGCGGTAA,GGACTACHVGGGTWTCTAAT,C-BPW37,BPW,CampylobacterEnrichment,BPW-CampylobacterEnrichment,,Positive,204
JW204,CGAGAGTT,CGTTACTA,GTGCCAGCMGCCGCGGTAA,GGACTACHVGGGTWTCTAAT,C-BPW38,BPW,CampylobacterEnrichment,BPW-CampylobacterEnrichment,,Positive,205
JW205,GACATAGT,CGTTACTA,GTGCCAGCMGCCGCGGTAA,GGACTACHVGGGTWTCTAAT,C-BPW39,BPW,CampylobacterEnrichment,BPW-CampylobacterEnrichment,,Positive,206
JW206,ACGCTACT,CGTTACTA,GTGCCAGCMGCCGCGGTAA,GGACTACHVGGGTWTCTAAT,C-BPW40,BPW,CampylobacterEnrichment,BPW-CampylobacterEnrichment,,Positive,207
JW207,ACTCACTG,CGTTACTA,GTGCCAGCMGCCGCGGTAA,GGACTACHVGGGTWTCTAAT,PE-nBPW1,nBPW,CampyPlateExtractions,nBPW-CampyPlateExtractions,,,208
JW208,TGAGTACG,CGTTACTA,GTGCCAGCMGCCGCGGTAA,GGACTACHVGGGTWTCTAAT,PE-nBPW2,nBPW,CampyPlateExtractions,nBPW-CampyPlateExtractions,,,209
JW209,CTGCGTAG,CGTTACTA,GTGCCAGCMGCCGCGGTAA,GGACTACHVGGGTWTCTAAT,PE-nBPW3,nBPW,CampyPlateExtractions,nBPW-CampyPlateExtractions,,,210
JW210,TAGTCTCC,CGTTACTA,GTGCCAGCMGCCGCGGTAA,GGACTACHVGGGTWTCTAAT,PE-nBPW4,nBPW,CampyPlateExtractions,nBPW-CampyPlateExtractions,,,211
JW211,CGAGCGAC,CGTTACTA,GTGCCAGCMGCCGCGGTAA,GGACTACHVGGGTWTCTAAT,PE-nBPW5,nBPW,CampyPlateExtractions,nBPW-CampyPlateExtractions,,,212
JW212,ACTACGAC,CGTTACTA,GTGCCAGCMGCCGCGGTAA,GGACTACHVGGGTWTCTAAT,PE-nBPW6,nBPW,CampyPlateExtractions,nBPW-CampyPlateExtractions,,,213
JW213,GTCTGCTA,CGTTACTA,GTGCCAGCMGCCGCGGTAA,GGACTACHVGGGTWTCTAAT,PE-nBPW7,nBPW,CampyPlateExtractions,nBPW-CampyPlateExtractions,,,214
JW214,GTCTATGA,CGTTACTA,GTGCCAGCMGCCGCGGTAA,GGACTACHVGGGTWTCTAAT,PE-nBPW8,nBPW,CampyPlateExtractions,nBPW-CampyPlateExtractions,,,215
JW215,TATAGCGA,CGTTACTA,GTGCCAGCMGCCGCGGTAA,GGACTACHVGGGTWTCTAAT,PE-nBPW9,nBPW,CampyPlateExtractions,nBPW-CampyPlateExtractions,,,216
JW216,CGAGAGTT,AGAGTCAC,GTGCCAGCMGCCGCGGTAA,GGACTACHVGGGTWTCTAAT,PE-nBPW11,nBPW,CampyPlateExtractions,nBPW-CampyPlateExtractions,,,217
JW217,GACATAGT,AGAGTCAC,GTGCCAGCMGCCGCGGTAA,GGACTACHVGGGTWTCTAAT,PE-nBPW12,nBPW,CampyPlateExtractions,nBPW-CampyPlateExtractions,,,218
JW218,ACGCTACT,AGAGTCAC,GTGCCAGCMGCCGCGGTAA,GGACTACHVGGGTWTCTAAT,PE-nBPW13,nBPW,CampyPlateExtractions,nBPW-CampyPlateExtractions,,,219
JW219,ACTCACTG,AGAGTCAC,GTGCCAGCMGCCGCGGTAA,GGACTACHVGGGTWTCTAAT,PE-nBPW14,nBPW,CampyPlateExtractions,nBPW-CampyPlateExtractions,,,220
JW220,TGAGTACG,AGAGTCAC,GTGCCAGCMGCCGCGGTAA,GGACTACHVGGGTWTCTAAT,PE-nBPW15,nBPW,CampyPlateExtractions,nBPW-CampyPlateExtractions,,,221
JW221,CTGCGTAG,AGAGTCAC,GTGCCAGCMGCCGCGGTAA,GGACTACHVGGGTWTCTAAT,PE-nBPW16,nBPW,CampyPlateExtractions,nBPW-CampyPlateExtractions,,,222
JW222,TAGTCTCC,AGAGTCAC,GTGCCAGCMGCCGCGGTAA,GGACTACHVGGGTWTCTAAT,PE-nBPW17,nBPW,CampyPlateExtractions,nBPW-CampyPlateExtractions,,,223
JW223,CGAGCGAC,AGAGTCAC,GTGCCAGCMGCCGCGGTAA,GGACTACHVGGGTWTCTAAT,PE-nBPW19,nBPW,CampyPlateExtractions,nBPW-CampyPlateExtractions,,,224
JW224,ACTACGAC,AGAGTCAC,GTGCCAGCMGCCGCGGTAA,GGACTACHVGGGTWTCTAAT,PE-nBPW20,nBPW,CampyPlateExtractions,nBPW-CampyPlateExtractions,,,225
JW225,GTCTGCTA,AGAGTCAC,GTGCCAGCMGCCGCGGTAA,GGACTACHVGGGTWTCTAAT,PE-nBPW21,nBPW,CampyPlateExtractions,nBPW-CampyPlateExtractions,,,226
JW226,GTCTATGA,AGAGTCAC,GTGCCAGCMGCCGCGGTAA,GGACTACHVGGGTWTCTAAT,PE-nBPW22,nBPW,CampyPlateExtractions,nBPW-CampyPlateExtractions,,,227
JW227,TATAGCGA,AGAGTCAC,GTGCCAGCMGCCGCGGTAA,GGACTACHVGGGTWTCTAAT,PE-nBPW23,nBPW,CampyPlateExtractions,nBPW-CampyPlateExtractions,,,228
JW228,CGAGAGTT,TACGAGAC,GTGCCAGCMGCCGCGGTAA,GGACTACHVGGGTWTCTAAT,PE-nBPW24,nBPW,CampyPlateExtractions,nBPW-CampyPlateExtractions,,,229
JW229,GACATAGT,TACGAGAC,GTGCCAGCMGCCGCGGTAA,GGACTACHVGGGTWTCTAAT,PE-nBPW25,nBPW,CampyPlateExtractions,nBPW-CampyPlateExtractions,,,230
JW230,ACGCTACT,TACGAGAC,GTGCCAGCMGCCGCGGTAA,GGACTACHVGGGTWTCTAAT,PE-nBPW26,nBPW,CampyPlateExtractions,nBPW-CampyPlateExtractions,,,231
JW231,ACTCACTG,TACGAGAC,GTGCCAGCMGCCGCGGTAA,GGACTACHVGGGTWTCTAAT,PE-nBPW27,nBPW,CampyPlateExtractions,nBPW-CampyPlateExtractions,,,232
JW232,TGAGTACG,TACGAGAC,GTGCCAGCMGCCGCGGTAA,GGACTACHVGGGTWTCTAAT,PE-nBPW28,nBPW,CampyPlateExtractions,nBPW-CampyPlateExtractions,,,233
JW233,CTGCGTAG,TACGAGAC,GTGCCAGCMGCCGCGGTAA,GGACTACHVGGGTWTCTAAT,PE-nBPW29,nBPW,CampyPlateExtractions,nBPW-CampyPlateExtractions,,,234
JW234,TAGTCTCC,TACGAGAC,GTGCCAGCMGCCGCGGTAA,GGACTACHVGGGTWTCTAAT,PE-nBPW30,nBPW,CampyPlateExtractions,nBPW-CampyPlateExtractions,,,235
JW235,CGAGCGAC,TACGAGAC,GTGCCAGCMGCCGCGGTAA,GGACTACHVGGGTWTCTAAT,PE-nBPW31,nBPW,CampyPlateExtractions,nBPW-CampyPlateExtractions,,,236
JW236,ACTACGAC,TACGAGAC,GTGCCAGCMGCCGCGGTAA,GGACTACHVGGGTWTCTAAT,PE-nBPW32,nBPW,CampyPlateExtractions,nBPW-CampyPlateExtractions,,,237
JW237,GTCTGCTA,TACGAGAC,GTGCCAGCMGCCGCGGTAA,GGACTACHVGGGTWTCTAAT,PE-nBPW33,nBPW,CampyPlateExtractions,nBPW-CampyPlateExtractions,,,238
JW238,GTCTATGA,TACGAGAC,GTGCCAGCMGCCGCGGTAA,GGACTACHVGGGTWTCTAAT,PE-nBPW34,nBPW,CampyPlateExtractions,nBPW-CampyPlateExtractions,,,239
JW239,TATAGCGA,TACGAGAC,GTGCCAGCMGCCGCGGTAA,GGACTACHVGGGTWTCTAAT,PE-nBPW35,nBPW,CampyPlateExtractions,nBPW-CampyPlateExtractions,,,240
JW240,CGAGAGTT,ACGTCTCG,GTGCCAGCMGCCGCGGTAA,GGACTACHVGGGTWTCTAAT,PE-nBPW36,nBPW,CampyPlateExtractions,nBPW-CampyPlateExtractions,,,241
JW241,GACATAGT,ACGTCTCG,GTGCCAGCMGCCGCGGTAA,GGACTACHVGGGTWTCTAAT,PE-nBPW37,nBPW,CampyPlateExtractions,nBPW-CampyPlateExtractions,,,242
JW242,ACGCTACT,ACGTCTCG,GTGCCAGCMGCCGCGGTAA,GGACTACHVGGGTWTCTAAT,PE-nBPW38,nBPW,CampyPlateExtractions,nBPW-CampyPlateExtractions,,,243
JW243,ACTCACTG,ACGTCTCG,GTGCCAGCMGCCGCGGTAA,GGACTACHVGGGTWTCTAAT,PE-nBPW39,nBPW,CampyPlateExtractions,nBPW-CampyPlateExtractions,,,244
JW244,TGAGTACG,ACGTCTCG,GTGCCAGCMGCCGCGGTAA,GGACTACHVGGGTWTCTAAT,PE-nBPW40,nBPW,CampyPlateExtractions,nBPW-CampyPlateExtractions,,,245
JW246,TAGTCTCC,ACGTCTCG,GTGCCAGCMGCCGCGGTAA,GGACTACHVGGGTWTCTAAT,PE-BPW1,BPW,CampyPlateExtractions,BPW-CampyPlateExtractions,,,247
JW247,CGAGCGAC,ACGTCTCG,GTGCCAGCMGCCGCGGTAA,GGACTACHVGGGTWTCTAAT,PE-BPW2,BPW,CampyPlateExtractions,BPW-CampyPlateExtractions,,,248
JW248,ACTACGAC,ACGTCTCG,GTGCCAGCMGCCGCGGTAA,GGACTACHVGGGTWTCTAAT,PE-BPW4,BPW,CampyPlateExtractions,BPW-CampyPlateExtractions,,,249
JW249,GTCTGCTA,ACGTCTCG,GTGCCAGCMGCCGCGGTAA,GGACTACHVGGGTWTCTAAT,PE-BPW7,BPW,CampyPlateExtractions,BPW-CampyPlateExtractions,,,250
JW250,GTCTATGA,ACGTCTCG,GTGCCAGCMGCCGCGGTAA,GGACTACHVGGGTWTCTAAT,PE-BPW11,BPW,CampyPlateExtractions,BPW-CampyPlateExtractions,,,251
JW251,TATAGCGA,ACGTCTCG,GTGCCAGCMGCCGCGGTAA,GGACTACHVGGGTWTCTAAT,PE-BPW13,BPW,CampyPlateExtractions,BPW-CampyPlateExtractions,,,252
JW252,CGAGAGTT,TCGACGAG,GTGCCAGCMGCCGCGGTAA,GGACTACHVGGGTWTCTAAT,PE-BPW15,BPW,CampyPlateExtractions,BPW-CampyPlateExtractions,,,253
JW253,GACATAGT,TCGACGAG,GTGCCAGCMGCCGCGGTAA,GGACTACHVGGGTWTCTAAT,PE-BPW16,BPW,CampyPlateExtractions,BPW-CampyPlateExtractions,,,254
JW254,ACGCTACT,TCGACGAG,GTGCCAGCMGCCGCGGTAA,GGACTACHVGGGTWTCTAAT,PE-BPW17,BPW,CampyPlateExtractions,BPW-CampyPlateExtractions,,,255
JW255,ACTCACTG,TCGACGAG,GTGCCAGCMGCCGCGGTAA,GGACTACHVGGGTWTCTAAT,PE-BPW18,BPW,CampyPlateExtractions,BPW-CampyPlateExtractions,,,256
JW256,TGAGTACG,TCGACGAG,GTGCCAGCMGCCGCGGTAA,GGACTACHVGGGTWTCTAAT,PE-BPW19,BPW,CampyPlateExtractions,BPW-CampyPlateExtractions,,,257
JW257,CTGCGTAG,TCGACGAG,GTGCCAGCMGCCGCGGTAA,GGACTACHVGGGTWTCTAAT,PE-BPW20,BPW,CampyPlateExtractions,BPW-CampyPlateExtractions,,,258
JW258,TAGTCTCC,TCGACGAG,GTGCCAGCMGCCGCGGTAA,GGACTACHVGGGTWTCTAAT,PE-BPW21,BPW,CampyPlateExtractions,BPW-CampyPlateExtractions,,,259
JW259,CGAGCGAC,TCGACGAG,GTGCCAGCMGCCGCGGTAA,GGACTACHVGGGTWTCTAAT,PE-BPW22,BPW,CampyPlateExtractions,BPW-CampyPlateExtractions,,,260
JW260,ACTACGAC,TCGACGAG,GTGCCAGCMGCCGCGGTAA,GGACTACHVGGGTWTCTAAT,PE-BPW23,BPW,CampyPlateExtractions,BPW-CampyPlateExtractions,,,261
JW261,GTCTGCTA,TCGACGAG,GTGCCAGCMGCCGCGGTAA,GGACTACHVGGGTWTCTAAT,PE-BPW24,BPW,CampyPlateExtractions,BPW-CampyPlateExtractions,,,262
JW262,GTCTATGA,TCGACGAG,GTGCCAGCMGCCGCGGTAA,GGACTACHVGGGTWTCTAAT,PE-BPW25,BPW,CampyPlateExtractions,BPW-CampyPlateExtractions,,,263
JW263,TATAGCGA,TCGACGAG,GTGCCAGCMGCCGCGGTAA,GGACTACHVGGGTWTCTAAT,PE-BPW26,BPW,CampyPlateExtractions,BPW-CampyPlateExtractions,,,264
JW264,CGAGAGTT,GATCGTGT,GTGCCAGCMGCCGCGGTAA,GGACTACHVGGGTWTCTAAT,PE-BPW27,BPW,CampyPlateExtractions,BPW-CampyPlateExtractions,,,265
JW265,GACATAGT,GATCGTGT,GTGCCAGCMGCCGCGGTAA,GGACTACHVGGGTWTCTAAT,PE-BPW28,BPW,CampyPlateExtractions,BPW-CampyPlateExtractions,,,266
JW266,ACGCTACT,GATCGTGT,GTGCCAGCMGCCGCGGTAA,GGACTACHVGGGTWTCTAAT,PE-BPW29,BPW,CampyPlateExtractions,BPW-CampyPlateExtractions,,,267
JW267,ACTCACTG,GATCGTGT,GTGCCAGCMGCCGCGGTAA,GGACTACHVGGGTWTCTAAT,PE-BPW30,BPW,CampyPlateExtractions,BPW-CampyPlateExtractions,,,268
JW268,TGAGTACG,GATCGTGT,GTGCCAGCMGCCGCGGTAA,GGACTACHVGGGTWTCTAAT,PE-BPW31,BPW,CampyPlateExtractions,BPW-CampyPlateExtractions,,,269
JW269,CTGCGTAG,GATCGTGT,GTGCCAGCMGCCGCGGTAA,GGACTACHVGGGTWTCTAAT,PE-BPW32,BPW,CampyPlateExtractions,BPW-CampyPlateExtractions,,,270
JW270,TAGTCTCC,GATCGTGT,GTGCCAGCMGCCGCGGTAA,GGACTACHVGGGTWTCTAAT,PE-BPW33,BPW,CampyPlateExtractions,BPW-CampyPlateExtractions,,,271
JW271,CGAGCGAC,GATCGTGT,GTGCCAGCMGCCGCGGTAA,GGACTACHVGGGTWTCTAAT,PE-BPW34,BPW,CampyPlateExtractions,BPW-CampyPlateExtractions,,,272
JW272,ACTACGAC,GATCGTGT,GTGCCAGCMGCCGCGGTAA,GGACTACHVGGGTWTCTAAT,PE-BPW35,BPW,CampyPlateExtractions,BPW-CampyPlateExtractions,,,273
JW273,GTCTGCTA,GATCGTGT,GTGCCAGCMGCCGCGGTAA,GGACTACHVGGGTWTCTAAT,PE-BPW36,BPW,CampyPlateExtractions,BPW-CampyPlateExtractions,,,274
JW274,GTCTATGA,GATCGTGT,GTGCCAGCMGCCGCGGTAA,GGACTACHVGGGTWTCTAAT,PE-BPW37,BPW,CampyPlateExtractions,BPW-CampyPlateExtractions,,,275
JW275,TATAGCGA,GATCGTGT,GTGCCAGCMGCCGCGGTAA,GGACTACHVGGGTWTCTAAT,PE-BPW38,BPW,CampyPlateExtractions,BPW-CampyPlateExtractions,,,276
JW276,CGAGAGTT,GTCAGATA,GTGCCAGCMGCCGCGGTAA,GGACTACHVGGGTWTCTAAT,PE-BPW39,BPW,CampyPlateExtractions,BPW-CampyPlateExtractions,,,277
JW277,GACATAGT,GTCAGATA,GTGCCAGCMGCCGCGGTAA,GGACTACHVGGGTWTCTAAT,PE-BPW40,BPW,CampyPlateExtractions,BPW-CampyPlateExtractions,,,278
JW358,GTCTATGA,CGTGAGTG,GTGCCAGCMGCCGCGGTAA,GGACTACHVGGGTWTCTAAT,EM-nBPW1,nBPW,EBPetrifilm,nBPW-EBpetrifilm,,,359
JW359,TATAGCGA,CGTGAGTG,GTGCCAGCMGCCGCGGTAA,GGACTACHVGGGTWTCTAAT,EM-nBPW2,nBPW,EBPetrifilm,nBPW-EBpetrifilm,,,360
JW360,CGAGAGTT,GGATATCT,GTGCCAGCMGCCGCGGTAA,GGACTACHVGGGTWTCTAAT,EM-nBPW3,nBPW,EBPetrifilm,nBPW-EBpetrifilm,,,361
JW361,GACATAGT,GGATATCT,GTGCCAGCMGCCGCGGTAA,GGACTACHVGGGTWTCTAAT,EM-nBPW4,nBPW,EBPetrifilm,nBPW-EBpetrifilm,,,362
JW362,ACGCTACT,GGATATCT,GTGCCAGCMGCCGCGGTAA,GGACTACHVGGGTWTCTAAT,EM-nBPW5,nBPW,EBPetrifilm,nBPW-EBpetrifilm,,,363
JW363,ACTCACTG,GGATATCT,GTGCCAGCMGCCGCGGTAA,GGACTACHVGGGTWTCTAAT,EM-nBPW6,nBPW,EBPetrifilm,nBPW-EBpetrifilm,,,364
JW364,TGAGTACG,GGATATCT,GTGCCAGCMGCCGCGGTAA,GGACTACHVGGGTWTCTAAT,EM-nBPW7,nBPW,EBPetrifilm,nBPW-EBpetrifilm,,,365
JW365,CTGCGTAG,GGATATCT,GTGCCAGCMGCCGCGGTAA,GGACTACHVGGGTWTCTAAT,EM-nBPW8,nBPW,EBPetrifilm,nBPW-EBpetrifilm,,,366
JW366,TAGTCTCC,GGATATCT,GTGCCAGCMGCCGCGGTAA,GGACTACHVGGGTWTCTAAT,EM-nBPW9,nBPW,EBPetrifilm,nBPW-EBpetrifilm,,,367
JW367,CGAGCGAC,GGATATCT,GTGCCAGCMGCCGCGGTAA,GGACTACHVGGGTWTCTAAT,EM-nBPW10,nBPW,EBPetrifilm,nBPW-EBpetrifilm,,,368
JW368,ACTACGAC,GGATATCT,GTGCCAGCMGCCGCGGTAA,GGACTACHVGGGTWTCTAAT,EM-nBPW11,nBPW,EBPetrifilm,nBPW-EBpetrifilm,,,369
JW369,GTCTGCTA,GGATATCT,GTGCCAGCMGCCGCGGTAA,GGACTACHVGGGTWTCTAAT,EM-nBPW12,nBPW,EBPetrifilm,nBPW-EBpetrifilm,,,370
JW370,GTCTATGA,GGATATCT,GTGCCAGCMGCCGCGGTAA,GGACTACHVGGGTWTCTAAT,EM-nBPW13,nBPW,EBPetrifilm,nBPW-EBpetrifilm,,,371
JW371,TATAGCGA,GGATATCT,GTGCCAGCMGCCGCGGTAA,GGACTACHVGGGTWTCTAAT,EM-nBPW14,nBPW,EBPetrifilm,nBPW-EBpetrifilm,,,372
JW372,CGAGAGTT,GACACCGT,GTGCCAGCMGCCGCGGTAA,GGACTACHVGGGTWTCTAAT,EM-nBPW15,nBPW,EBPetrifilm,nBPW-EBpetrifilm,,,373
JW373,GACATAGT,GACACCGT,GTGCCAGCMGCCGCGGTAA,GGACTACHVGGGTWTCTAAT,EM-nBPW16,nBPW,EBPetrifilm,nBPW-EBpetrifilm,,,374
JW374,ACGCTACT,GACACCGT,GTGCCAGCMGCCGCGGTAA,GGACTACHVGGGTWTCTAAT,EM-nBPW17,nBPW,EBPetrifilm,nBPW-EBpetrifilm,,,375
JW375,ACTCACTG,GACACCGT,GTGCCAGCMGCCGCGGTAA,GGACTACHVGGGTWTCTAAT,EM-nBPW18,nBPW,EBPetrifilm,nBPW-EBpetrifilm,,,376
JW376,TGAGTACG,GACACCGT,GTGCCAGCMGCCGCGGTAA,GGACTACHVGGGTWTCTAAT,EM-nBPW19,nBPW,EBPetrifilm,nBPW-EBpetrifilm,,,377
JW377,CTGCGTAG,GACACCGT,GTGCCAGCMGCCGCGGTAA,GGACTACHVGGGTWTCTAAT,EM-nBPW20,nBPW,EBPetrifilm,nBPW-EBpetrifilm,,,378
JW378,TAGTCTCC,GACACCGT,GTGCCAGCMGCCGCGGTAA,GGACTACHVGGGTWTCTAAT,EM-nBPW22,nBPW,EBPetrifilm,nBPW-EBpetrifilm,,,379
JW379,CGAGCGAC,GACACCGT,GTGCCAGCMGCCGCGGTAA,GGACTACHVGGGTWTCTAAT,EM-nBPW25,nBPW,EBPetrifilm,nBPW-EBpetrifilm,,,380
JW380,ACTACGAC,GACACCGT,GTGCCAGCMGCCGCGGTAA,GGACTACHVGGGTWTCTAAT,EM-nBPW26,nBPW,EBPetrifilm,nBPW-EBpetrifilm,,,381
JW381,GTCTGCTA,GACACCGT,GTGCCAGCMGCCGCGGTAA,GGACTACHVGGGTWTCTAAT,EM-nBPW27,nBPW,EBPetrifilm,nBPW-EBpetrifilm,,,382
JW382,GTCTATGA,GACACCGT,GTGCCAGCMGCCGCGGTAA,GGACTACHVGGGTWTCTAAT,EM-nBPW28,nBPW,EBPetrifilm,nBPW-EBpetrifilm,,,383
JW383,TATAGCGA,GACACCGT,GTGCCAGCMGCCGCGGTAA,GGACTACHVGGGTWTCTAAT,EM-nBPW30,nBPW,EBPetrifilm,nBPW-EBpetrifilm,,,384
JW278,ACGCTACT,GTCAGATA,GTGCCAGCMGCCGCGGTAA,GGACTACHVGGGTWTCTAAT,R-nBPW1,nBPW,Rinsate,nBPW-Rinsate,,,279
JW279,ACTCACTG,GTCAGATA,GTGCCAGCMGCCGCGGTAA,GGACTACHVGGGTWTCTAAT,R-nBPW2,nBPW,Rinsate,nBPW-Rinsate,,,280
JW280,TGAGTACG,GTCAGATA,GTGCCAGCMGCCGCGGTAA,GGACTACHVGGGTWTCTAAT,R-nBPW3,nBPW,Rinsate,nBPW-Rinsate,,,281
JW281,CTGCGTAG,GTCAGATA,GTGCCAGCMGCCGCGGTAA,GGACTACHVGGGTWTCTAAT,R-nBPW4,nBPW,Rinsate,nBPW-Rinsate,,,282
JW282,TAGTCTCC,GTCAGATA,GTGCCAGCMGCCGCGGTAA,GGACTACHVGGGTWTCTAAT,R-nBPW5,nBPW,Rinsate,nBPW-Rinsate,,,283
JW283,CGAGCGAC,GTCAGATA,GTGCCAGCMGCCGCGGTAA,GGACTACHVGGGTWTCTAAT,R-nBPW6,nBPW,Rinsate,nBPW-Rinsate,,,284
JW284,ACTACGAC,GTCAGATA,GTGCCAGCMGCCGCGGTAA,GGACTACHVGGGTWTCTAAT,R-nBPW7,nBPW,Rinsate,nBPW-Rinsate,,,285
JW285,GTCTGCTA,GTCAGATA,GTGCCAGCMGCCGCGGTAA,GGACTACHVGGGTWTCTAAT,R-nBPW8,nBPW,Rinsate,nBPW-Rinsate,,,286
JW286,GTCTATGA,GTCAGATA,GTGCCAGCMGCCGCGGTAA,GGACTACHVGGGTWTCTAAT,R-nBPW9,nBPW,Rinsate,nBPW-Rinsate,,,287
JW287,TATAGCGA,GTCAGATA,GTGCCAGCMGCCGCGGTAA,GGACTACHVGGGTWTCTAAT,R-nBPW10,nBPW,Rinsate,nBPW-Rinsate,,,288
JW288,CGAGAGTT,ATCGTACG,GTGCCAGCMGCCGCGGTAA,GGACTACHVGGGTWTCTAAT,R-nBPW11,nBPW,Rinsate,nBPW-Rinsate,,,289
JW289,GACATAGT,ATCGTACG,GTGCCAGCMGCCGCGGTAA,GGACTACHVGGGTWTCTAAT,R-nBPW12,nBPW,Rinsate,nBPW-Rinsate,,,290
JW290,ACGCTACT,ATCGTACG,GTGCCAGCMGCCGCGGTAA,GGACTACHVGGGTWTCTAAT,R-nBPW13,nBPW,Rinsate,nBPW-Rinsate,,,291
JW291,ACTCACTG,ATCGTACG,GTGCCAGCMGCCGCGGTAA,GGACTACHVGGGTWTCTAAT,R-nBPW14,nBPW,Rinsate,nBPW-Rinsate,,,292
JW292,TGAGTACG,ATCGTACG,GTGCCAGCMGCCGCGGTAA,GGACTACHVGGGTWTCTAAT,R-nBPW15,nBPW,Rinsate,nBPW-Rinsate,,,293
JW293,CTGCGTAG,ATCGTACG,GTGCCAGCMGCCGCGGTAA,GGACTACHVGGGTWTCTAAT,R-nBPW16,nBPW,Rinsate,nBPW-Rinsate,,,294
JW294,TAGTCTCC,ATCGTACG,GTGCCAGCMGCCGCGGTAA,GGACTACHVGGGTWTCTAAT,R-nBPW17,nBPW,Rinsate,nBPW-Rinsate,,,295
JW295,CGAGCGAC,ATCGTACG,GTGCCAGCMGCCGCGGTAA,GGACTACHVGGGTWTCTAAT,R-nBPW18,nBPW,Rinsate,nBPW-Rinsate,,,296
JW296,ACTACGAC,ATCGTACG,GTGCCAGCMGCCGCGGTAA,GGACTACHVGGGTWTCTAAT,R-nBPW19,nBPW,Rinsate,nBPW-Rinsate,,,297
JW297,GTCTGCTA,ATCGTACG,GTGCCAGCMGCCGCGGTAA,GGACTACHVGGGTWTCTAAT,R-nBPW20,nBPW,Rinsate,nBPW-Rinsate,,,298
JW298,GTCTATGA,ATCGTACG,GTGCCAGCMGCCGCGGTAA,GGACTACHVGGGTWTCTAAT,R-nBPW21,nBPW,Rinsate,nBPW-Rinsate,,,299
JW299,TATAGCGA,ATCGTACG,GTGCCAGCMGCCGCGGTAA,GGACTACHVGGGTWTCTAAT,R-nBPW22,nBPW,Rinsate,nBPW-Rinsate,,,300
JW301,GACATAGT,ACTATCTG,GTGCCAGCMGCCGCGGTAA,GGACTACHVGGGTWTCTAAT,R-nBPW23,nBPW,Rinsate,nBPW-Rinsate,,,302
JW302,ACGCTACT,ACTATCTG,GTGCCAGCMGCCGCGGTAA,GGACTACHVGGGTWTCTAAT,R-nBPW25,nBPW,Rinsate,nBPW-Rinsate,,,303
JW303,ACTCACTG,ACTATCTG,GTGCCAGCMGCCGCGGTAA,GGACTACHVGGGTWTCTAAT,R-nBPW26,nBPW,Rinsate,nBPW-Rinsate,,,304
JW304,TGAGTACG,ACTATCTG,GTGCCAGCMGCCGCGGTAA,GGACTACHVGGGTWTCTAAT,R-nBPW27,nBPW,Rinsate,nBPW-Rinsate,,,305
JW305,CTGCGTAG,ACTATCTG,GTGCCAGCMGCCGCGGTAA,GGACTACHVGGGTWTCTAAT,R-nBPW28,nBPW,Rinsate,nBPW-Rinsate,,,306
JW306,TAGTCTCC,ACTATCTG,GTGCCAGCMGCCGCGGTAA,GGACTACHVGGGTWTCTAAT,R-nBPW29,nBPW,Rinsate,nBPW-Rinsate,,,307
JW307,CGAGCGAC,ACTATCTG,GTGCCAGCMGCCGCGGTAA,GGACTACHVGGGTWTCTAAT,R-nBPW30,nBPW,Rinsate,nBPW-Rinsate,,,308
JW308,ACTACGAC,ACTATCTG,GTGCCAGCMGCCGCGGTAA,GGACTACHVGGGTWTCTAAT,R-nBPW31,nBPW,Rinsate,nBPW-Rinsate,,,309
JW309,GTCTGCTA,ACTATCTG,GTGCCAGCMGCCGCGGTAA,GGACTACHVGGGTWTCTAAT,R-nBPW32,nBPW,Rinsate,nBPW-Rinsate,,,310
JW310,GTCTATGA,ACTATCTG,GTGCCAGCMGCCGCGGTAA,GGACTACHVGGGTWTCTAAT,R-nBPW33,nBPW,Rinsate,nBPW-Rinsate,,,311
JW311,TATAGCGA,ACTATCTG,GTGCCAGCMGCCGCGGTAA,GGACTACHVGGGTWTCTAAT,R-nBPW34,nBPW,Rinsate,nBPW-Rinsate,,,312
JW312,CGAGAGTT,TAGCGAGT,GTGCCAGCMGCCGCGGTAA,GGACTACHVGGGTWTCTAAT,R-nBPW35,nBPW,Rinsate,nBPW-Rinsate,,,313
JW313,GACATAGT,TAGCGAGT,GTGCCAGCMGCCGCGGTAA,GGACTACHVGGGTWTCTAAT,R-nBPW36,nBPW,Rinsate,nBPW-Rinsate,,,314
JW314,ACGCTACT,TAGCGAGT,GTGCCAGCMGCCGCGGTAA,GGACTACHVGGGTWTCTAAT,R-nBPW37,nBPW,Rinsate,nBPW-Rinsate,,,315
JW315,ACTCACTG,TAGCGAGT,GTGCCAGCMGCCGCGGTAA,GGACTACHVGGGTWTCTAAT,R-nBPW38,nBPW,Rinsate,nBPW-Rinsate,,,316
JW316,TGAGTACG,TAGCGAGT,GTGCCAGCMGCCGCGGTAA,GGACTACHVGGGTWTCTAAT,R-nBPW39,nBPW,Rinsate,nBPW-Rinsate,,,317
JW317,CTGCGTAG,TAGCGAGT,GTGCCAGCMGCCGCGGTAA,GGACTACHVGGGTWTCTAAT,R-nBPW40,nBPW,Rinsate,nBPW-Rinsate,,,318
JW318,TAGTCTCC,TAGCGAGT,GTGCCAGCMGCCGCGGTAA,GGACTACHVGGGTWTCTAAT,R-BPW1,nBPW,Rinsate,nBPW-Rinsate,,,319
JW319,CGAGCGAC,TAGCGAGT,GTGCCAGCMGCCGCGGTAA,GGACTACHVGGGTWTCTAAT,R-BPW2,BPW,Rinsate,BPW-Rinsate,,,320
JW320,ACTACGAC,TAGCGAGT,GTGCCAGCMGCCGCGGTAA,GGACTACHVGGGTWTCTAAT,R-BPW3,BPW,Rinsate,BPW-Rinsate,,,321
JW321,GTCTGCTA,TAGCGAGT,GTGCCAGCMGCCGCGGTAA,GGACTACHVGGGTWTCTAAT,R-BPW4,BPW,Rinsate,BPW-Rinsate,,,322
JW322,GTCTATGA,TAGCGAGT,GTGCCAGCMGCCGCGGTAA,GGACTACHVGGGTWTCTAAT,R-BPW5,BPW,Rinsate,BPW-Rinsate,,,323
JW323,TATAGCGA,TAGCGAGT,GTGCCAGCMGCCGCGGTAA,GGACTACHVGGGTWTCTAAT,R-BPW6,BPW,Rinsate,BPW-Rinsate,,,324
JW324,CGAGAGTT,CTGCGTGT,GTGCCAGCMGCCGCGGTAA,GGACTACHVGGGTWTCTAAT,R-BPW7,BPW,Rinsate,BPW-Rinsate,,,325
JW325,GACATAGT,CTGCGTGT,GTGCCAGCMGCCGCGGTAA,GGACTACHVGGGTWTCTAAT,R-BPW8,BPW,Rinsate,BPW-Rinsate,,,326
JW326,ACGCTACT,CTGCGTGT,GTGCCAGCMGCCGCGGTAA,GGACTACHVGGGTWTCTAAT,R-BPW9,BPW,Rinsate,BPW-Rinsate,,,327
JW327,ACTCACTG,CTGCGTGT,GTGCCAGCMGCCGCGGTAA,GGACTACHVGGGTWTCTAAT,R-BPW10,BPW,Rinsate,BPW-Rinsate,,,328
JW328,TGAGTACG,CTGCGTGT,GTGCCAGCMGCCGCGGTAA,GGACTACHVGGGTWTCTAAT,R-BPW11,BPW,Rinsate,BPW-Rinsate,,,329
JW329,CTGCGTAG,CTGCGTGT,GTGCCAGCMGCCGCGGTAA,GGACTACHVGGGTWTCTAAT,R-BPW12,BPW,Rinsate,BPW-Rinsate,,,330
JW330,TAGTCTCC,CTGCGTGT,GTGCCAGCMGCCGCGGTAA,GGACTACHVGGGTWTCTAAT,R-BPW13,BPW,Rinsate,BPW-Rinsate,,,331
JW331,CGAGCGAC,CTGCGTGT,GTGCCAGCMGCCGCGGTAA,GGACTACHVGGGTWTCTAAT,R-BPW14,BPW,Rinsate,BPW-Rinsate,,,332
JW332,ACTACGAC,CTGCGTGT,GTGCCAGCMGCCGCGGTAA,GGACTACHVGGGTWTCTAAT,R-BPW15,BPW,Rinsate,BPW-Rinsate,,,333
JW333,GTCTGCTA,CTGCGTGT,GTGCCAGCMGCCGCGGTAA,GGACTACHVGGGTWTCTAAT,R-BPW16,BPW,Rinsate,BPW-Rinsate,,,334
JW334,GTCTATGA,CTGCGTGT,GTGCCAGCMGCCGCGGTAA,GGACTACHVGGGTWTCTAAT,R-BPW17,BPW,Rinsate,BPW-Rinsate,,,335
JW335,TATAGCGA,CTGCGTGT,GTGCCAGCMGCCGCGGTAA,GGACTACHVGGGTWTCTAAT,R-BPW18,BPW,Rinsate,BPW-Rinsate,,,336
JW336,CGAGAGTT,TCATCGAG,GTGCCAGCMGCCGCGGTAA,GGACTACHVGGGTWTCTAAT,R-BPW19,BPW,Rinsate,BPW-Rinsate,,,337
JW337,GACATAGT,TCATCGAG,GTGCCAGCMGCCGCGGTAA,GGACTACHVGGGTWTCTAAT,R-BPW20,BPW,Rinsate,BPW-Rinsate,,,338
JW338,ACGCTACT,TCATCGAG,GTGCCAGCMGCCGCGGTAA,GGACTACHVGGGTWTCTAAT,R-BPW21,BPW,Rinsate,BPW-Rinsate,,,339
JW339,ACTCACTG,TCATCGAG,GTGCCAGCMGCCGCGGTAA,GGACTACHVGGGTWTCTAAT,R-BPW22,BPW,Rinsate,BPW-Rinsate,,,340
JW341,CTGCGTAG,TCATCGAG,GTGCCAGCMGCCGCGGTAA,GGACTACHVGGGTWTCTAAT,R-BPW23,BPW,Rinsate,BPW-Rinsate,,,342
JW342,TAGTCTCC,TCATCGAG,GTGCCAGCMGCCGCGGTAA,GGACTACHVGGGTWTCTAAT,R-BPW25,BPW,Rinsate,BPW-Rinsate,,,343
JW343,CGAGCGAC,TCATCGAG,GTGCCAGCMGCCGCGGTAA,GGACTACHVGGGTWTCTAAT,R-BPW26,BPW,Rinsate,BPW-Rinsate,,,344
JW344,ACTACGAC,TCATCGAG,GTGCCAGCMGCCGCGGTAA,GGACTACHVGGGTWTCTAAT,R-BPW27,BPW,Rinsate,BPW-Rinsate,,,345
JW345,GTCTGCTA,TCATCGAG,GTGCCAGCMGCCGCGGTAA,GGACTACHVGGGTWTCTAAT,R-BPW28,BPW,Rinsate,BPW-Rinsate,,,346
JW346,GTCTATGA,TCATCGAG,GTGCCAGCMGCCGCGGTAA,GGACTACHVGGGTWTCTAAT,R-BPW29,BPW,Rinsate,BPW-Rinsate,,,347
JW347,TATAGCGA,TCATCGAG,GTGCCAGCMGCCGCGGTAA,GGACTACHVGGGTWTCTAAT,R-BPW30,BPW,Rinsate,BPW-Rinsate,,,348
JW348,CGAGAGTT,CGTGAGTG,GTGCCAGCMGCCGCGGTAA,GGACTACHVGGGTWTCTAAT,R-BPW31,BPW,Rinsate,BPW-Rinsate,,,349
JW349,GACATAGT,CGTGAGTG,GTGCCAGCMGCCGCGGTAA,GGACTACHVGGGTWTCTAAT,R-BPW32,BPW,Rinsate,BPW-Rinsate,,,350
JW350,ACGCTACT,CGTGAGTG,GTGCCAGCMGCCGCGGTAA,GGACTACHVGGGTWTCTAAT,R-BPW33,BPW,Rinsate,BPW-Rinsate,,,351
JW351,ACTCACTG,CGTGAGTG,GTGCCAGCMGCCGCGGTAA,GGACTACHVGGGTWTCTAAT,R-BPW34,BPW,Rinsate,BPW-Rinsate,,,352
JW352,TGAGTACG,CGTGAGTG,GTGCCAGCMGCCGCGGTAA,GGACTACHVGGGTWTCTAAT,R-BPW35,BPW,Rinsate,BPW-Rinsate,,,353
JW353,CTGCGTAG,CGTGAGTG,GTGCCAGCMGCCGCGGTAA,GGACTACHVGGGTWTCTAAT,R-BPW36,BPW,Rinsate,BPW-Rinsate,,,354
JW354,TAGTCTCC,CGTGAGTG,GTGCCAGCMGCCGCGGTAA,GGACTACHVGGGTWTCTAAT,R-BPW37,BPW,Rinsate,BPW-Rinsate,,,355
JW355,CGAGCGAC,CGTGAGTG,GTGCCAGCMGCCGCGGTAA,GGACTACHVGGGTWTCTAAT,R-BPW38,BPW,Rinsate,BPW-Rinsate,,,356
JW356,ACTACGAC,CGTGAGTG,GTGCCAGCMGCCGCGGTAA,GGACTACHVGGGTWTCTAAT,R-BPW39,BPW,Rinsate,BPW-Rinsate,,,357
JW357,GTCTGCTA,CGTGAGTG,GTGCCAGCMGCCGCGGTAA,GGACTACHVGGGTWTCTAAT,R-BPW40,BPW,Rinsate,BPW-Rinsate,,,358
JW100,GATCTACG,ATCGTACG,GTGCCAGCMGCCGCGGTAA,GGACTACHVGGGTWTCTAAT,S-nBPW20,nBPW,Salmonella,nBPW-Salmonella,Positive,,101
JW101,GTAACGAG,ATCGTACG,GTGCCAGCMGCCGCGGTAA,GGACTACHVGGGTWTCTAAT,S-nBPW21,nBPW,Salmonella,nBPW-Salmonella,Positive,,102
JW102,ACGTGCGC,ATCGTACG,GTGCCAGCMGCCGCGGTAA,GGACTACHVGGGTWTCTAAT,S-nBPW22,nBPW,Salmonella,nBPW-Salmonella,Positive,,103
JW103,ATAGTACC,ATCGTACG,GTGCCAGCMGCCGCGGTAA,GGACTACHVGGGTWTCTAAT,S-nBPW23,nBPW,Salmonella,nBPW-Salmonella,Positive,,104
JW104,GCGTATAC,ATCGTACG,GTGCCAGCMGCCGCGGTAA,GGACTACHVGGGTWTCTAAT,S-nBPW24,nBPW,Salmonella,nBPW-Salmonella,Negative,,105
JW106,AACGCTGA,ATCGTACG,GTGCCAGCMGCCGCGGTAA,GGACTACHVGGGTWTCTAAT,S-nBPW25,nBPW,Salmonella,nBPW-Salmonella,Positive,,107
JW107,CGTAGCGA,ATCGTACG,GTGCCAGCMGCCGCGGTAA,GGACTACHVGGGTWTCTAAT,S-nBPW27,nBPW,Salmonella,nBPW-Salmonella,Positive,,108
JW108,CTCGACTT,ACTATCTG,GTGCCAGCMGCCGCGGTAA,GGACTACHVGGGTWTCTAAT,S-nBPW28,nBPW,Salmonella,nBPW-Salmonella,Negative,,109
JW109,CGAAGTAT,ACTATCTG,GTGCCAGCMGCCGCGGTAA,GGACTACHVGGGTWTCTAAT,S-nBPW29,nBPW,Salmonella,nBPW-Salmonella,Negative,,110
JW110,TAGCAGCT,ACTATCTG,GTGCCAGCMGCCGCGGTAA,GGACTACHVGGGTWTCTAAT,S-nBPW30,nBPW,Salmonella,nBPW-Salmonella,Positive,,111
JW111,TCTCTATG,ACTATCTG,GTGCCAGCMGCCGCGGTAA,GGACTACHVGGGTWTCTAAT,S-nBPW31,nBPW,Salmonella,nBPW-Salmonella,Positive,,112
JW112,GATCTACG,ACTATCTG,GTGCCAGCMGCCGCGGTAA,GGACTACHVGGGTWTCTAAT,S-nBPW32,nBPW,Salmonella,nBPW-Salmonella,Positive,,113
JW113,GTAACGAG,ACTATCTG,GTGCCAGCMGCCGCGGTAA,GGACTACHVGGGTWTCTAAT,S-nBPW33,nBPW,Salmonella,nBPW-Salmonella,Positive,,114
JW114,ACGTGCGC,ACTATCTG,GTGCCAGCMGCCGCGGTAA,GGACTACHVGGGTWTCTAAT,S-nBPW34,nBPW,Salmonella,nBPW-Salmonella,Negative,,115
JW115,ATAGTACC,ACTATCTG,GTGCCAGCMGCCGCGGTAA,GGACTACHVGGGTWTCTAAT,S-nBPW35,nBPW,Salmonella,nBPW-Salmonella,Positive,,116
JW116,GCGTATAC,ACTATCTG,GTGCCAGCMGCCGCGGTAA,GGACTACHVGGGTWTCTAAT,S-nBPW36,nBPW,Salmonella,nBPW-Salmonella,Negative,,117
JW118,AACGCTGA,ACTATCTG,GTGCCAGCMGCCGCGGTAA,GGACTACHVGGGTWTCTAAT,S-nBPW37,nBPW,Salmonella,nBPW-Salmonella,Positive,,119
JW119,CGTAGCGA,ACTATCTG,GTGCCAGCMGCCGCGGTAA,GGACTACHVGGGTWTCTAAT,S-nBPW39,nBPW,Salmonella,nBPW-Salmonella,Positive,,120
JW120,CTCGACTT,TAGCGAGT,GTGCCAGCMGCCGCGGTAA,GGACTACHVGGGTWTCTAAT,S-nBPW40,nBPW,Salmonella,nBPW-Salmonella,Negative,,121
JW121,CGAAGTAT,TAGCGAGT,GTGCCAGCMGCCGCGGTAA,GGACTACHVGGGTWTCTAAT,S-BPW1,BPW,Salmonella,BPW-Salmonella,Positive,,122
JW122,TAGCAGCT,TAGCGAGT,GTGCCAGCMGCCGCGGTAA,GGACTACHVGGGTWTCTAAT,S-BPW2,BPW,Salmonella,BPW-Salmonella,Positive,,123
JW123,TCTCTATG,TAGCGAGT,GTGCCAGCMGCCGCGGTAA,GGACTACHVGGGTWTCTAAT,S-BPW3,BPW,Salmonella,BPW-Salmonella,Negative,,124
JW124,GATCTACG,TAGCGAGT,GTGCCAGCMGCCGCGGTAA,GGACTACHVGGGTWTCTAAT,S-BPW4,BPW,Salmonella,BPW-Salmonella,Negative,,125
JW125,GTAACGAG,TAGCGAGT,GTGCCAGCMGCCGCGGTAA,GGACTACHVGGGTWTCTAAT,S-BPW5,BPW,Salmonella,BPW-Salmonella,Positive,,126
JW126,ACGTGCGC,TAGCGAGT,GTGCCAGCMGCCGCGGTAA,GGACTACHVGGGTWTCTAAT,S-BPW6,BPW,Salmonella,BPW-Salmonella,Negative,,127
JW127,ATAGTACC,TAGCGAGT,GTGCCAGCMGCCGCGGTAA,GGACTACHVGGGTWTCTAAT,S-BPW7,BPW,Salmonella,BPW-Salmonella,Positive,,128
JW128,GCGTATAC,TAGCGAGT,GTGCCAGCMGCCGCGGTAA,GGACTACHVGGGTWTCTAAT,S-BPW8,BPW,Salmonella,BPW-Salmonella,Negative,,129
JW130,AACGCTGA,TAGCGAGT,GTGCCAGCMGCCGCGGTAA,GGACTACHVGGGTWTCTAAT,S-BPW9,BPW,Salmonella,BPW-Salmonella,Negative,,131
JW131,CGTAGCGA,TAGCGAGT,GTGCCAGCMGCCGCGGTAA,GGACTACHVGGGTWTCTAAT,S-BPW11,BPW,Salmonella,BPW-Salmonella,Positive,,132
JW132,CTCGACTT,CTGCGTGT,GTGCCAGCMGCCGCGGTAA,GGACTACHVGGGTWTCTAAT,S-BPW12,BPW,Salmonella,BPW-Salmonella,Negative,,133
JW133,CGAAGTAT,CTGCGTGT,GTGCCAGCMGCCGCGGTAA,GGACTACHVGGGTWTCTAAT,S-BPW13,BPW,Salmonella,BPW-Salmonella,Negative,,134
JW134,TAGCAGCT,CTGCGTGT,GTGCCAGCMGCCGCGGTAA,GGACTACHVGGGTWTCTAAT,S-BPW14,BPW,Salmonella,BPW-Salmonella,Negative,,135
JW135,TCTCTATG,CTGCGTGT,GTGCCAGCMGCCGCGGTAA,GGACTACHVGGGTWTCTAAT,S-BPW15,BPW,Salmonella,BPW-Salmonella,Negative,,136
JW136,GATCTACG,CTGCGTGT,GTGCCAGCMGCCGCGGTAA,GGACTACHVGGGTWTCTAAT,S-BPW16,BPW,Salmonella,BPW-Salmonella,Negative,,137
JW137,GTAACGAG,CTGCGTGT,GTGCCAGCMGCCGCGGTAA,GGACTACHVGGGTWTCTAAT,S-BPW17,BPW,Salmonella,BPW-Salmonella,Positive,,138
JW138,ACGTGCGC,CTGCGTGT,GTGCCAGCMGCCGCGGTAA,GGACTACHVGGGTWTCTAAT,S-BPW18,BPW,Salmonella,BPW-Salmonella,Negative,,139
JW139,ATAGTACC,CTGCGTGT,GTGCCAGCMGCCGCGGTAA,GGACTACHVGGGTWTCTAAT,S-BPW19,BPW,Salmonella,BPW-Salmonella,Positive,,140
JW140,GCGTATAC,CTGCGTGT,GTGCCAGCMGCCGCGGTAA,GGACTACHVGGGTWTCTAAT,S-BPW20,BPW,Salmonella,BPW-Salmonella,Positive,,141
JW142,AACGCTGA,CTGCGTGT,GTGCCAGCMGCCGCGGTAA,GGACTACHVGGGTWTCTAAT,S-BPW21,BPW,Salmonella,BPW-Salmonella,Positive,,143
JW143,CGTAGCGA,CTGCGTGT,GTGCCAGCMGCCGCGGTAA,GGACTACHVGGGTWTCTAAT,S-BPW23,BPW,Salmonella,BPW-Salmonella,Positive,,144
JW144,CTCGACTT,TCATCGAG,GTGCCAGCMGCCGCGGTAA,GGACTACHVGGGTWTCTAAT,S-BPW24,BPW,Salmonella,BPW-Salmonella,Negative,,145
JW145,CGAAGTAT,TCATCGAG,GTGCCAGCMGCCGCGGTAA,GGACTACHVGGGTWTCTAAT,S-BPW25,BPW,Salmonella,BPW-Salmonella,Positive,,146
JW146,TAGCAGCT,TCATCGAG,GTGCCAGCMGCCGCGGTAA,GGACTACHVGGGTWTCTAAT,S-BPW26,BPW,Salmonella,BPW-Salmonella,Negative,,147
JW147,TCTCTATG,TCATCGAG,GTGCCAGCMGCCGCGGTAA,GGACTACHVGGGTWTCTAAT,S-BPW27,BPW,Salmonella,BPW-Salmonella,Negative,,148
JW148,GATCTACG,TCATCGAG,GTGCCAGCMGCCGCGGTAA,GGACTACHVGGGTWTCTAAT,S-BPW28,BPW,Salmonella,BPW-Salmonella,Negative,,149
JW149,GTAACGAG,TCATCGAG,GTGCCAGCMGCCGCGGTAA,GGACTACHVGGGTWTCTAAT,S-BPW29,BPW,Salmonella,BPW-Salmonella,Negative,,150
JW150,ACGTGCGC,TCATCGAG,GTGCCAGCMGCCGCGGTAA,GGACTACHVGGGTWTCTAAT,S-BPW30,BPW,Salmonella,BPW-Salmonella,Negative,,151
JW151,ATAGTACC,TCATCGAG,GTGCCAGCMGCCGCGGTAA,GGACTACHVGGGTWTCTAAT,S-BPW31,BPW,Salmonella,BPW-Salmonella,Negative,,152
JW152,GCGTATAC,TCATCGAG,GTGCCAGCMGCCGCGGTAA,GGACTACHVGGGTWTCTAAT,S-BPW32,BPW,Salmonella,BPW-Salmonella,Negative,,153
JW154,AACGCTGA,TCATCGAG,GTGCCAGCMGCCGCGGTAA,GGACTACHVGGGTWTCTAAT,S-BPW33,BPW,Salmonella,BPW-Salmonella,Negative,,155
JW155,CGTAGCGA,TCATCGAG,GTGCCAGCMGCCGCGGTAA,GGACTACHVGGGTWTCTAAT,S-BPW35,BPW,Salmonella,BPW-Salmonella,Positive,,156
JW156,CTCGACTT,CGTGAGTG,GTGCCAGCMGCCGCGGTAA,GGACTACHVGGGTWTCTAAT,S-BPW36,BPW,Salmonella,BPW-Salmonella,Negative,,157
JW157,CGAAGTAT,CGTGAGTG,GTGCCAGCMGCCGCGGTAA,GGACTACHVGGGTWTCTAAT,S-BPW37,BPW,Salmonella,BPW-Salmonella,Negative,,158
JW158,TAGCAGCT,CGTGAGTG,GTGCCAGCMGCCGCGGTAA,GGACTACHVGGGTWTCTAAT,S-BPW38,BPW,Salmonella,BPW-Salmonella,Positive,,159
JW159,TCTCTATG,CGTGAGTG,GTGCCAGCMGCCGCGGTAA,GGACTACHVGGGTWTCTAAT,S-BPW39,BPW,Salmonella,BPW-Salmonella,Negative,,160
JW160,GATCTACG,CGTGAGTG,GTGCCAGCMGCCGCGGTAA,GGACTACHVGGGTWTCTAAT,S-BPW40,BPW,Salmonella,BPW-Salmonella,Negative,,161
JW81,GCGTATAC,GATCGTGT,GTGCCAGCMGCCGCGGTAA,GGACTACHVGGGTWTCTAAT,S-nBPW1,nBPW,Salmonella,nBPW-Salmonella,Negative,,81
JW82,TGCTCGTA,GATCGTGT,GTGCCAGCMGCCGCGGTAA,GGACTACHVGGGTWTCTAAT,S-nBPW2,nBPW,Salmonella,nBPW-Salmonella,Negative,,82
JW83,AACGCTGA,GATCGTGT,GTGCCAGCMGCCGCGGTAA,GGACTACHVGGGTWTCTAAT,S-nBPW3,nBPW,Salmonella,nBPW-Salmonella,Positive,,83
JW84,CGTAGCGA,GATCGTGT,GTGCCAGCMGCCGCGGTAA,GGACTACHVGGGTWTCTAAT,S-nBPW4,nBPW,Salmonella,nBPW-Salmonella,Negative,,84
JW85,CTCGACTT,GTCAGATA,GTGCCAGCMGCCGCGGTAA,GGACTACHVGGGTWTCTAAT,S-nBPW5,nBPW,Salmonella,nBPW-Salmonella,Positive,,85
JW86,CGAAGTAT,GTCAGATA,GTGCCAGCMGCCGCGGTAA,GGACTACHVGGGTWTCTAAT,S-nBPW6,nBPW,Salmonella,nBPW-Salmonella,Positive,,86
JW87,TAGCAGCT,GTCAGATA,GTGCCAGCMGCCGCGGTAA,GGACTACHVGGGTWTCTAAT,S-nBPW7,nBPW,Salmonella,nBPW-Salmonella,Negative,,87
JW88,TCTCTATG,GTCAGATA,GTGCCAGCMGCCGCGGTAA,GGACTACHVGGGTWTCTAAT,S-nBPW8,nBPW,Salmonella,nBPW-Salmonella,Positive,,88
JW89,GATCTACG,GTCAGATA,GTGCCAGCMGCCGCGGTAA,GGACTACHVGGGTWTCTAAT,S-nBPW9,nBPW,Salmonella,nBPW-Salmonella,Negative,,89
JW90,GTAACGAG,GTCAGATA,GTGCCAGCMGCCGCGGTAA,GGACTACHVGGGTWTCTAAT,S-nBPW10,nBPW,Salmonella,nBPW-Salmonella,Positive,,90
JW91,ACGTGCGC,GTCAGATA,GTGCCAGCMGCCGCGGTAA,GGACTACHVGGGTWTCTAAT,S-nBPW11,nBPW,Salmonella,nBPW-Salmonella,Positive,,91
JW92,ATAGTACC,GTCAGATA,GTGCCAGCMGCCGCGGTAA,GGACTACHVGGGTWTCTAAT,S-nBPW12,nBPW,Salmonella,nBPW-Salmonella,Positive,,92
JW93,GCGTATAC,GTCAGATA,GTGCCAGCMGCCGCGGTAA,GGACTACHVGGGTWTCTAAT,S-nBPW13,nBPW,Salmonella,nBPW-Salmonella,Positive,,93
JW94,TGCTCGTA,GTCAGATA,GTGCCAGCMGCCGCGGTAA,GGACTACHVGGGTWTCTAAT,S-nBPW14,nBPW,Salmonella,nBPW-Salmonella,Positive,,94
JW95,AACGCTGA,GTCAGATA,GTGCCAGCMGCCGCGGTAA,GGACTACHVGGGTWTCTAAT,S-nBPW15,nBPW,Salmonella,nBPW-Salmonella,Negative,,95
JW96,CTCGACTT,ATCGTACG,GTGCCAGCMGCCGCGGTAA,GGACTACHVGGGTWTCTAAT,S-nBPW16,nBPW,Salmonella,nBPW-Salmonella,Positive,,97
JW97,CGAAGTAT,ATCGTACG,GTGCCAGCMGCCGCGGTAA,GGACTACHVGGGTWTCTAAT,S-nBPW17,nBPW,Salmonella,nBPW-Salmonella,Negative,,98
JW98,TAGCAGCT,ATCGTACG,GTGCCAGCMGCCGCGGTAA,GGACTACHVGGGTWTCTAAT,S-nBPW18,nBPW,Salmonella,nBPW-Salmonella,Negative,,99
JW99,TCTCTATG,ATCGTACG,GTGCCAGCMGCCGCGGTAA,GGACTACHVGGGTWTCTAAT,S-nBPW19,nBPW,Salmonella,nBPW-Salmonella,Negative,,100
NC,CGTAGCGA,GTCAGATA,GTGCCAGCMGCCGCGGTAA,GGACTACHVGGGTWTCTAAT,,NC,,,,,